filename,text
captcha_0001.png,N1731
captcha_0002.png,F9718
captcha_0003.png,Y9498
captcha_0004.png,X179
captcha_0005.png,V6385
captcha_0006.png,P2374
captcha_0007.png,Z6119
captcha_0008.png,U1753
captcha_0009.png,C7781
captcha_0010.png,W8783
captcha_0011.png,T1758
captcha_0012.png,N1384
captcha_0013.png,A8868
captcha_0014.png,Z1176
captcha_0015.png,N9225
captcha_0016.png,B3583
captcha_0017.png,Q695
captcha_0018.png,G4092
captcha_0019.png,J3156
captcha_0020.png,X653
captcha_0021.png,F9078
captcha_0022.png,L258
captcha_0023.png,R4484
captcha_0024.png,R9944
captcha_0025.png,X564
captcha_0026.png,Z4544
captcha_0027.png,U9202
captcha_0028.png,M535
captcha_0029.png,S1677
captcha_0030.png,A8821
captcha_0031.png,F8108
captcha_0032.png,E3222
captcha_0033.png,F3819
captcha_0034.png,N4073
captcha_0035.png,W5009
captcha_0036.png,N9947
captcha_0037.png,C8319
captcha_0038.png,L4754
captcha_0039.png,R4204
captcha_0040.png,E5835
captcha_0041.png,H4560
captcha_0042.png,Y5784
captcha_0043.png,D4006
captcha_0044.png,P6625
captcha_0045.png,E5880
captcha_0046.png,G1500
captcha_0047.png,R9046
captcha_0048.png,F6950
captcha_0049.png,E4774
captcha_0050.png,H5438
captcha_0051.png,X6356
captcha_0052.png,V7913
captcha_0053.png,T9359
captcha_0054.png,F6178
captcha_0055.png,B826
captcha_0056.png,U3606
captcha_0057.png,A9711
captcha_0058.png,E5684
captcha_0059.png,S3280
captcha_0060.png,D2024
captcha_0061.png,X9814
captcha_0062.png,V3130
captcha_0063.png,G3580
captcha_0064.png,K5728
captcha_0065.png,Z4610
captcha_0066.png,C2937
captcha_0067.png,V1916
captcha_0068.png,S1891
captcha_0069.png,W437
captcha_0070.png,P3792
captcha_0071.png,M6727
captcha_0072.png,X5655
captcha_0073.png,Q2390
captcha_0074.png,N678
captcha_0075.png,S923
captcha_0076.png,K2465
captcha_0077.png,V2767
captcha_0078.png,Q8290
captcha_0079.png,X0
captcha_0080.png,N3682
captcha_0081.png,M726
captcha_0082.png,E146
captcha_0083.png,T824
captcha_0084.png,V5012
captcha_0085.png,Y9890
captcha_0086.png,Y8153
captcha_0087.png,F5869
captcha_0088.png,E5040
captcha_0089.png,M7046
captcha_0090.png,L3437
captcha_0091.png,F8612
captcha_0092.png,R5307
captcha_0093.png,Z4560
captcha_0094.png,Y2800
captcha_0095.png,M2279
captcha_0096.png,K8397
captcha_0097.png,T8035
captcha_0098.png,A5352
captcha_0099.png,F9654
captcha_0100.png,M6569
captcha_0101.png,C4689
captcha_0102.png,H2560
captcha_0103.png,E8643
captcha_0104.png,F435
captcha_0105.png,N1213
captcha_0106.png,B2465
captcha_0107.png,K7817
captcha_0108.png,R8659
captcha_0109.png,Q9464
captcha_0110.png,Q7100
captcha_0111.png,R6615
captcha_0112.png,D7816
captcha_0113.png,M8555
captcha_0114.png,N1714
captcha_0115.png,T7622
captcha_0116.png,G9910
captcha_0117.png,S335
captcha_0118.png,Q689
captcha_0119.png,N5389
captcha_0120.png,B9522
captcha_0121.png,V1071
captcha_0122.png,R1447
captcha_0123.png,X3746
captcha_0124.png,V6698
captcha_0125.png,X826
captcha_0126.png,H8314
captcha_0127.png,G680
captcha_0128.png,A7313
captcha_0129.png,B8068
captcha_0130.png,G6155
captcha_0131.png,U2563
captcha_0132.png,U2881
captcha_0133.png,B7675
captcha_0134.png,M5711
captcha_0135.png,C2095
captcha_0136.png,E1647
captcha_0137.png,P2587
captcha_0138.png,H5919
captcha_0139.png,M4906
captcha_0140.png,X8818
captcha_0141.png,N898
captcha_0142.png,M6288
captcha_0143.png,V1740
captcha_0144.png,N4647
captcha_0145.png,H8569
captcha_0146.png,Q458
captcha_0147.png,B2221
captcha_0148.png,Y4593
captcha_0149.png,Z8126
captcha_0150.png,Z4956
captcha_0151.png,N2746
captcha_0152.png,T8909
captcha_0153.png,X7718
captcha_0154.png,D2526
captcha_0155.png,D3577
captcha_0156.png,L9411
captcha_0157.png,J3657
captcha_0158.png,Q2621
captcha_0159.png,T6561
captcha_0160.png,P1178
captcha_0161.png,W4122
captcha_0162.png,Q5531
captcha_0163.png,Z8999
captcha_0164.png,E2708
captcha_0165.png,X793
captcha_0166.png,N9052
captcha_0167.png,L211
captcha_0168.png,X4142
captcha_0169.png,J7889
captcha_0170.png,Z4840
captcha_0171.png,P2839
captcha_0172.png,G7241
captcha_0173.png,Z3901
captcha_0174.png,B940
captcha_0175.png,K5132
captcha_0176.png,W4021
captcha_0177.png,J7510
captcha_0178.png,T7088
captcha_0179.png,Y5455
captcha_0180.png,T4780
captcha_0181.png,W1291
captcha_0182.png,T3990
captcha_0183.png,C1180
captcha_0184.png,M6354
captcha_0185.png,H4235
captcha_0186.png,U7137
captcha_0187.png,M9905
captcha_0188.png,E8322
captcha_0189.png,G8551
captcha_0190.png,R3956
captcha_0191.png,W7858
captcha_0192.png,K2279
captcha_0193.png,K8769
captcha_0194.png,M2493
captcha_0195.png,W5526
captcha_0196.png,G6292
captcha_0197.png,Q9465
captcha_0198.png,L4390
captcha_0199.png,B2047
captcha_0200.png,K559
captcha_0201.png,X2095
captcha_0202.png,F1178
captcha_0203.png,W9137
captcha_0204.png,W353
captcha_0205.png,P959
captcha_0206.png,B2375
captcha_0207.png,L5052
captcha_0208.png,H6007
captcha_0209.png,T3205
captcha_0210.png,V6134
captcha_0211.png,T3079
captcha_0212.png,M9354
captcha_0213.png,R6737
captcha_0214.png,B8934
captcha_0215.png,V8789
captcha_0216.png,D9659
captcha_0217.png,B2762
captcha_0218.png,B8551
captcha_0219.png,T8811
captcha_0220.png,V510
captcha_0221.png,G1297
captcha_0222.png,Y9226
captcha_0223.png,B2148
captcha_0224.png,Y4486
captcha_0225.png,R6903
captcha_0226.png,X6179
captcha_0227.png,Y9637
captcha_0228.png,H7260
captcha_0229.png,K1813
captcha_0230.png,Y7003
captcha_0231.png,C984
captcha_0232.png,B1560
captcha_0233.png,J2609
captcha_0234.png,E6348
captcha_0235.png,U603
captcha_0236.png,Q8515
captcha_0237.png,S2695
captcha_0238.png,X7551
captcha_0239.png,N5354
captcha_0240.png,E6559
captcha_0241.png,B9601
captcha_0242.png,N4726
captcha_0243.png,J5207
captcha_0244.png,E5569
captcha_0245.png,V2688
captcha_0246.png,L3850
captcha_0247.png,Q3562
captcha_0248.png,H2918
captcha_0249.png,E2099
captcha_0250.png,M1121
captcha_0251.png,M1349
captcha_0252.png,F1086
captcha_0253.png,J1669
captcha_0254.png,Z5670
captcha_0255.png,X7823
captcha_0256.png,E3584
captcha_0257.png,Y6885
captcha_0258.png,R1550
captcha_0259.png,J1478
captcha_0260.png,V7090
captcha_0261.png,Y3974
captcha_0262.png,J869
captcha_0263.png,R6455
captcha_0264.png,P2870
captcha_0265.png,Q7731
captcha_0266.png,B5911
captcha_0267.png,F3427
captcha_0268.png,D9866
captcha_0269.png,V3794
captcha_0270.png,C3150
captcha_0271.png,H9030
captcha_0272.png,C5142
captcha_0273.png,Q5717
captcha_0274.png,R6134
captcha_0275.png,U4629
captcha_0276.png,W4750
captcha_0277.png,P8443
captcha_0278.png,P7454
captcha_0279.png,E3445
captcha_0280.png,E9598
captcha_0281.png,J7526
captcha_0282.png,P2196
captcha_0283.png,P4895
captcha_0284.png,K6335
captcha_0285.png,F7828
captcha_0286.png,S6577
captcha_0287.png,A6346
captcha_0288.png,L2915
captcha_0289.png,D6297
captcha_0290.png,F5884
captcha_0291.png,R5473
captcha_0292.png,Y2114
captcha_0293.png,R940
captcha_0294.png,H5165
captcha_0295.png,A855
captcha_0296.png,F3988
captcha_0297.png,N2082
captcha_0298.png,T4694
captcha_0299.png,D25
captcha_0300.png,U2677
captcha_0301.png,C9730
captcha_0302.png,C7561
captcha_0303.png,J1498
captcha_0304.png,S728
captcha_0305.png,Q1967
captcha_0306.png,P2961
captcha_0307.png,M6844
captcha_0308.png,B5796
captcha_0309.png,F1116
captcha_0310.png,N5970
captcha_0311.png,C8636
captcha_0312.png,H2001
captcha_0313.png,H8167
captcha_0314.png,T5702
captcha_0315.png,Z3615
captcha_0316.png,Z5822
captcha_0317.png,N3692
captcha_0318.png,B781
captcha_0319.png,A1801
captcha_0320.png,G6021
captcha_0321.png,E5350
captcha_0322.png,H2313
captcha_0323.png,D2306
captcha_0324.png,R6223
captcha_0325.png,T8566
captcha_0326.png,Y3141
captcha_0327.png,T8031
captcha_0328.png,Z752
captcha_0329.png,U4494
captcha_0330.png,W2767
captcha_0331.png,K6804
captcha_0332.png,V6906
captcha_0333.png,R7585
captcha_0334.png,Q757
captcha_0335.png,W8792
captcha_0336.png,C4914
captcha_0337.png,H3902
captcha_0338.png,T1218
captcha_0339.png,W9681
captcha_0340.png,Z6076
captcha_0341.png,G4625
captcha_0342.png,A5341
captcha_0343.png,S9295
captcha_0344.png,C79
captcha_0345.png,Q3950
captcha_0346.png,G8842
captcha_0347.png,T4755
captcha_0348.png,X5526
captcha_0349.png,R3753
captcha_0350.png,V5936
captcha_0351.png,Y2287
captcha_0352.png,N6410
captcha_0353.png,H3967
captcha_0354.png,C4438
captcha_0355.png,L6689
captcha_0356.png,M1254
captcha_0357.png,P1861
captcha_0358.png,Q2981
captcha_0359.png,U6251
captcha_0360.png,D2057
captcha_0362.png,J1138
captcha_0363.png,J3302
captcha_0364.png,Y6947
captcha_0365.png,P2301
captcha_0366.png,S873
captcha_0367.png,F2438
captcha_0368.png,L199
captcha_0369.png,Z2783
captcha_0370.png,U3266
captcha_0371.png,J3976
captcha_0372.png,A2265
captcha_0373.png,M9672
captcha_0374.png,U120
captcha_0375.png,J6357
captcha_0376.png,D7385
captcha_0377.png,X9725
captcha_0378.png,U340
captcha_0379.png,A3359
captcha_0380.png,Q6414
captcha_0381.png,Y3339
captcha_0382.png,B4074
captcha_0383.png,L1735
captcha_0384.png,L57
captcha_0385.png,M8255
captcha_0386.png,R11
captcha_0387.png,V5273
captcha_0388.png,S9886
captcha_0389.png,X9224
captcha_0390.png,X1541
captcha_0391.png,B5107
captcha_0392.png,N1816
captcha_0393.png,N9243
captcha_0394.png,G9508
captcha_0395.png,A4380
captcha_0396.png,W8089
captcha_0397.png,N5843
captcha_0398.png,H3563
captcha_0399.png,B5160
captcha_0400.png,L9459
captcha_0401.png,L153
captcha_0402.png,P3348
captcha_0403.png,X6893
captcha_0404.png,R8713
captcha_0405.png,Y7460
captcha_0406.png,K201
captcha_0407.png,E8627
captcha_0408.png,K406
captcha_0409.png,Z5405
captcha_0410.png,D9407
captcha_0411.png,B1711
captcha_0412.png,H9351
captcha_0413.png,K9990
captcha_0414.png,A5778
captcha_0415.png,F2179
captcha_0416.png,B213
captcha_0417.png,C9145
captcha_0418.png,Q8425
captcha_0419.png,V2103
captcha_0420.png,Z9218
captcha_0421.png,E990
captcha_0422.png,M8184
captcha_0423.png,Z6951
captcha_0424.png,W3695
captcha_0425.png,V3079
captcha_0426.png,W1154
captcha_0427.png,D4433
captcha_0428.png,Y3393
captcha_0429.png,V8735
captcha_0430.png,Q3967
captcha_0431.png,S6665
captcha_0432.png,U9602
captcha_0433.png,Y5160
captcha_0434.png,V9626
captcha_0435.png,W8046
captcha_0436.png,K6075
captcha_0437.png,V8220
captcha_0438.png,S6716
captcha_0439.png,M5459
captcha_0440.png,K2193
captcha_0441.png,P1488
captcha_0442.png,S25
captcha_0443.png,X7228
captcha_0444.png,F2186
captcha_0445.png,G8803
captcha_0446.png,M8736
captcha_0447.png,V3461
captcha_0448.png,M6905
captcha_0449.png,Y2254
captcha_0450.png,K2992
captcha_0451.png,H9362
captcha_0452.png,Q8696
captcha_0453.png,S192
captcha_0454.png,Z5462
captcha_0455.png,M8938
captcha_0456.png,N5828
captcha_0457.png,M1865
captcha_0458.png,ELVA
captcha_0459.png,D5388
captcha_0460.png,F595
captcha_0461.png,N3205
captcha_0462.png,Y4699
captcha_0463.png,T5597
captcha_0464.png,M9283
captcha_0465.png,C868
captcha_0466.png,V8175
captcha_0467.png,M4286
captcha_0468.png,S30
captcha_0469.png,A9929
captcha_0470.png,K2085
captcha_0471.png,M3825
captcha_0472.png,S9090
captcha_0473.png,N9271
captcha_0474.png,T1626
captcha_0475.png,C9535
captcha_0476.png,C9452
captcha_0477.png,T2055
captcha_0478.png,U3167
captcha_0479.png,W6505
captcha_0480.png,F2301
captcha_0481.png,Z1921
captcha_0482.png,P4903
captcha_0483.png,P4759
captcha_0484.png,G2115
captcha_0485.png,V9713
captcha_0486.png,X9794
captcha_0487.png,Y6768
captcha_0488.png,J9712
captcha_0489.png,K9209
captcha_0490.png,R5499
captcha_0491.png,J5956
captcha_0492.png,Q7414
captcha_0493.png,B9347
captcha_0494.png,A1505
captcha_0495.png,S9026
captcha_0496.png,R7836
captcha_0497.png,D1995
captcha_0498.png,X9669
captcha_0499.png,Q861
captcha_0500.png,W6834
captcha_0501.png,M8200
captcha_0502.png,L2469
captcha_0503.png,U7531
captcha_0504.png,M1603
captcha_0505.png,Q4151
captcha_0506.png,Z3960
captcha_0507.png,S8744
captcha_0508.png,J7381
captcha_0509.png,N5825
captcha_0510.png,M5027
captcha_0511.png,D8504
captcha_0512.png,F1248
captcha_0513.png,R2473
captcha_0514.png,L1798
captcha_0515.png,E224
captcha_0516.png,G2713
captcha_0517.png,C2241
captcha_0518.png,E4408
captcha_0519.png,M3940
captcha_0520.png,W8611
captcha_0521.png,F5460
captcha_0522.png,S3057
captcha_0523.png,A8819
captcha_0524.png,T4111
captcha_0525.png,J2464
captcha_0526.png,Z9723
captcha_0527.png,K2612
captcha_0528.png,H3113
captcha_0529.png,S6810
captcha_0530.png,X2182
captcha_0531.png,C4724
captcha_0532.png,U4668
captcha_0533.png,H8513
captcha_0534.png,M6060
captcha_0535.png,Z590
captcha_0536.png,N3115
captcha_0537.png,A6776
captcha_0538.png,K3504
captcha_0539.png,B400
captcha_0540.png,T603
captcha_0541.png,Q1284
captcha_0542.png,C3160
captcha_0543.png,B5084
captcha_0544.png,P8271
captcha_0545.png,W2193
captcha_0546.png,K6111
captcha_0547.png,Z2931
captcha_0548.png,S9402
captcha_0549.png,Y4997
captcha_0550.png,W1117
captcha_0551.png,Y8120
captcha_0552.png,L2596
captcha_0553.png,S9277
captcha_0554.png,D6750
captcha_0555.png,M4029
captcha_0556.png,Y8421
captcha_0557.png,H6943
captcha_0558.png,N6062
captcha_0559.png,T7579
captcha_0560.png,Q5926
captcha_0561.png,P1003
captcha_0562.png,V5583
captcha_0563.png,W847
captcha_0564.png,W7224
captcha_0565.png,W2952
captcha_0566.png,Q658
captcha_0567.png,K2708
captcha_0568.png,H9453
captcha_0569.png,J5351
captcha_0570.png,A3383
captcha_0571.png,W6376
captcha_0572.png,T3372
captcha_0573.png,D6379
captcha_0574.png,C7747
captcha_0575.png,R7037
captcha_0576.png,H4769
captcha_0577.png,41L1
captcha_0578.png,S536
captcha_0579.png,J1121
captcha_0580.png,E6821
captcha_0581.png,N9987
captcha_0582.png,T9708
captcha_0583.png,W2003
captcha_0584.png,F2294
captcha_0585.png,X6688
captcha_0586.png,E9993
captcha_0587.png,P234
captcha_0588.png,A4086
captcha_0589.png,B3223
captcha_0590.png,C15
captcha_0591.png,R1428
captcha_0592.png,C9484
captcha_0593.png,R6200
captcha_0594.png,R7881
captcha_0595.png,Q939
captcha_0596.png,S1064
captcha_0597.png,A6176
captcha_0598.png,M3577
captcha_0599.png,B4961
captcha_0600.png,D9568
captcha_0601.png,E3014
captcha_0602.png,R9466
captcha_0603.png,V7764
captcha_0604.png,L3429
captcha_0605.png,C4226
captcha_0606.png,C9751
captcha_0607.png,X2525
captcha_0608.png,L6099
captcha_0609.png,P9941
captcha_0610.png,T3611
captcha_0611.png,X4615
captcha_0612.png,Q3290
captcha_0613.png,G3786
captcha_0614.png,D6310
captcha_0615.png,G9024
captcha_0616.png,N2301
captcha_0617.png,L4921
captcha_0618.png,C655
captcha_0619.png,X916
captcha_0620.png,M5719
captcha_0621.png,T2449
captcha_0622.png,J944
captcha_0623.png,W3774
captcha_0624.png,U7801
captcha_0625.png,F9334
captcha_0626.png,X3824
captcha_0627.png,M107
captcha_0628.png,R5729
captcha_0629.png,Z8476
captcha_0630.png,U1278
captcha_0631.png,C825
captcha_0632.png,A9113
captcha_0633.png,R2575
captcha_0634.png,E3721
captcha_0635.png,M1058
captcha_0636.png,X1494
captcha_0637.png,Q7678
captcha_0638.png,F9412
captcha_0639.png,Q1644
captcha_0640.png,A5400
captcha_0641.png,C2489
captcha_0642.png,R6229
captcha_0643.png,F1037
captcha_0644.png,P6875
captcha_0645.png,W6855
captcha_0646.png,J3192
captcha_0647.png,M1955
captcha_0648.png,G6263
captcha_0649.png,X3193
captcha_0650.png,H2104
captcha_0651.png,G737
captcha_0652.png,B9542
captcha_0653.png,X4037
captcha_0654.png,J4156
captcha_0655.png,R5078
captcha_0656.png,A8523
captcha_0657.png,V7394
captcha_0658.png,C2397
captcha_0659.png,G7602
captcha_0660.png,Q8804
captcha_0661.png,Y9109
captcha_0662.png,K8623
captcha_0663.png,H8505
captcha_0664.png,H1567
captcha_0665.png,F8101
captcha_0666.png,P2420
captcha_0667.png,S478
captcha_0668.png,Z8983
captcha_0669.png,Q5950
captcha_0670.png,S826
captcha_0671.png,W2985
captcha_0672.png,K3320
captcha_0673.png,U7101
captcha_0674.png,Y9430
captcha_0675.png,G1069
captcha_0676.png,M6638
captcha_0677.png,M9719
captcha_0678.png,S9573
captcha_0679.png,Q5867
captcha_0680.png,J1429
captcha_0681.png,P95
captcha_0682.png,Q1751
captcha_0683.png,P228
captcha_0684.png,S2468
captcha_0685.png,N5436
captcha_0686.png,W2368
captcha_0687.png,R2963
captcha_0688.png,U6717
captcha_0689.png,B863
captcha_0690.png,W9491
captcha_0691.png,C9585
captcha_0692.png,U1211
captcha_0693.png,A6457
captcha_0694.png,R3426
captcha_0695.png,C5688
captcha_0696.png,Q8480
captcha_0697.png,P9355
captcha_0698.png,H9605
captcha_0699.png,P1513
captcha_0700.png,LELT
captcha_0701.png,T4020
captcha_0702.png,T4550
captcha_0703.png,W2730
captcha_0704.png,T3696
captcha_0705.png,Q1084
captcha_0706.png,R445
captcha_0707.png,N2941
captcha_0710.png,F1039
captcha_0711.png,H9207
captcha_0712.png,B1366
captcha_0713.png,K9239
captcha_0714.png,S2554
captcha_0715.png,G1107
captcha_0716.png,V2645
captcha_0717.png,U1257
captcha_0718.png,S8296
captcha_0719.png,B9334
captcha_0720.png,B2732
captcha_0721.png,S3657
captcha_0722.png,F5185
captcha_0723.png,F6113
captcha_0724.png,K3247
captcha_0725.png,R742
captcha_0726.png,Y6648
captcha_0727.png,L537
captcha_0728.png,G5326
captcha_0729.png,H501
captcha_0730.png,D3198
captcha_0731.png,V8801
captcha_0732.png,Q6856
captcha_0733.png,A2640
captcha_0734.png,M4670
captcha_0735.png,R7438
captcha_0736.png,P2858
captcha_0737.png,K1683
captcha_0738.png,M7084
captcha_0739.png,U693
captcha_0740.png,V8678
captcha_0741.png,C6459
captcha_0742.png,B196
captcha_0743.png,K7630
captcha_0744.png,C5085
captcha_0745.png,Q3431
captcha_0746.png,K989
captcha_0747.png,K8296
captcha_0748.png,F771
captcha_0749.png,R640
captcha_0750.png,FA
captcha_0751.png,G1829
captcha_0752.png,A7194
captcha_0753.png,H9492
captcha_0754.png,T1789
captcha_0755.png,G6275
captcha_0756.png,D9977
captcha_0757.png,Q4136
captcha_0758.png,J3212
captcha_0759.png,S3221
captcha_0760.png,X4333
captcha_0761.png,V8251
captcha_0762.png,Z3678
captcha_0763.png,C1821
captcha_0764.png,H5440
captcha_0765.png,V4651
captcha_0766.png,D2938
captcha_0767.png,C6715
captcha_0768.png,U4238
captcha_0769.png,E8518
captcha_0770.png,R1560
captcha_0771.png,W9220
captcha_0772.png,N195
captcha_0773.png,W2667
captcha_0774.png,H2215
captcha_0775.png,R5722
captcha_0776.png,Y2260
captcha_0777.png,S7157
captcha_0778.png,F3121
captcha_0779.png,JEPEL
captcha_0780.png,D7028
captcha_0781.png,Y6278
captcha_0782.png,E9407
captcha_0783.png,A9760
captcha_0784.png,E8927
captcha_0785.png,H2989
captcha_0786.png,S4809
captcha_0787.png,V6170
captcha_0788.png,E7171
captcha_0789.png,U4692
captcha_0790.png,D1762
captcha_0791.png,B7263
captcha_0792.png,D8145
captcha_0793.png,R4462
captcha_0794.png,J2699
captcha_0795.png,K1758
captcha_0796.png,H9935
captcha_0797.png,C8704
captcha_0798.png,G9155
captcha_0799.png,K5015
captcha_0800.png,G7769
captcha_0801.png,V5644
captcha_0802.png,K8150
captcha_0803.png,V5297
captcha_0804.png,U8979
captcha_0805.png,Q7242
captcha_0806.png,T8178
captcha_0807.png,E6832
captcha_0808.png,M7616
captcha_0809.png,F616
captcha_0810.png,N8572
captcha_0811.png,X9951
captcha_0812.png,X5448
captcha_0813.png,A8650
captcha_0814.png,Z7352
captcha_0815.png,E6172
captcha_0816.png,H4836
captcha_0817.png,S2493
captcha_0818.png,W7039
captcha_0819.png,Y9827
captcha_0820.png,P3653
captcha_0821.png,V3345
captcha_0822.png,X1596
captcha_0823.png,F1711
captcha_0824.png,H8537
captcha_0825.png,Z3417
captcha_0826.png,N6565
captcha_0827.png,B4576
captcha_0828.png,P6350
captcha_0829.png,F1799
captcha_0830.png,R8880
captcha_0831.png,D2161
captcha_0832.png,A741
captcha_0833.png,G3843
captcha_0834.png,A5301
captcha_0835.png,T2051
captcha_0836.png,M1192
captcha_0837.png,A7102
captcha_0838.png,R7905
captcha_0839.png,S5399
captcha_0840.png,X336
captcha_0841.png,D6165
captcha_0842.png,K7821
captcha_0843.png,B4646
captcha_0844.png,V7720
captcha_0845.png,R279
captcha_0846.png,D8071
captcha_0847.png,B7430
captcha_0848.png,S4195
captcha_0849.png,D904
captcha_0850.png,E175
captcha_0851.png,C501
captcha_0852.png,N4111
captcha_0853.png,U3126
captcha_0854.png,W2713
captcha_0855.png,Z3448
captcha_0856.png,A2318
captcha_0857.png,X6698
captcha_0858.png,L2345
captcha_0859.png,U2148
captcha_0860.png,B4178
captcha_0861.png,Z692
captcha_0862.png,B9302
captcha_0863.png,R156
captcha_0864.png,L3235
captcha_0865.png,A6016
captcha_0866.png,J8789
captcha_0867.png,N7661
captcha_0868.png,W3067
captcha_0869.png,W3802
captcha_0870.png,T6211
captcha_0871.png,X8652
captcha_0872.png,U7603
captcha_0873.png,U9822
captcha_0874.png,V2240
captcha_0875.png,S2013
captcha_0876.png,T9293
captcha_0877.png,E8480
captcha_0878.png,D8403
captcha_0879.png,C6354
captcha_0880.png,Q1235
captcha_0881.png,B7225
captcha_0882.png,L5098
captcha_0883.png,N1593
captcha_0884.png,F7595
captcha_0885.png,R3786
captcha_0886.png,K1677
captcha_0887.png,H2477
captcha_0888.png,N6477
captcha_0889.png,B4059
captcha_0890.png,C2675
captcha_0891.png,F615
captcha_0892.png,N778
captcha_0893.png,E8133
captcha_0894.png,Z5080
captcha_0895.png,R1883
captcha_0896.png,K5497
captcha_0897.png,J5510
captcha_0898.png,V9058
captcha_0899.png,P5513
captcha_0900.png,M4483
captcha_0901.png,Z8351
captcha_0902.png,A8577
captcha_0903.png,Y9691
captcha_0904.png,E5649
captcha_0905.png,Z3293
captcha_0906.png,L5975
captcha_0907.png,Q1329
captcha_0908.png,J8234
captcha_0909.png,F5516
captcha_0910.png,B1523
captcha_0911.png,R9626
captcha_0912.png,A392
captcha_0913.png,N1307
captcha_0914.png,K3744
captcha_0915.png,Q3372
captcha_0916.png,U5847
captcha_0917.png,V1989
captcha_0918.png,G5594
captcha_0919.png,L8871
captcha_0920.png,JELEL
captcha_0921.png,L2815
captcha_0922.png,T4330
captcha_0923.png,P1344
captcha_0924.png,Y7635
captcha_0925.png,Q4713
captcha_0926.png,S8764
captcha_0927.png,A3696
captcha_0928.png,E7170
captcha_0929.png,S5517
captcha_0930.png,S9548
captcha_0931.png,J4982
captcha_0932.png,A6087
captcha_0933.png,H8193
captcha_0934.png,D8543
captcha_0935.png,Z4355
captcha_0936.png,U4677
captcha_0937.png,P1933
captcha_0938.png,U4073
captcha_0939.png,M6861
captcha_0940.png,E4591
captcha_0941.png,R783
captcha_0942.png,U184
captcha_0943.png,W6591
captcha_0944.png,Z8278
captcha_0945.png,G7443
captcha_0946.png,H2208
captcha_0947.png,K4010
captcha_0948.png,P6119
captcha_0949.png,Z5513
captcha_0950.png,A4333
captcha_0951.png,C9832
captcha_0952.png,K8122
captcha_0953.png,Y524
captcha_0954.png,W2363
captcha_0955.png,E7388
captcha_0956.png,X5363
captcha_0957.png,C7777
captcha_0958.png,T3586
captcha_0959.png,H7925
captcha_0960.png,T754
captcha_0961.png,E4472
captcha_0962.png,U8302
captcha_0963.png,P2314
captcha_0964.png,P2233
captcha_0965.png,T4711
captcha_0966.png,E4372
captcha_0967.png,D8219
captcha_0968.png,G3993
captcha_0969.png,W8573
captcha_0970.png,M6945
captcha_0971.png,K3962
captcha_0972.png,E2992
captcha_0973.png,Y643
captcha_0974.png,E471
captcha_0975.png,B9009
captcha_0976.png,J8660
captcha_0977.png,N9136
captcha_0978.png,V8971
captcha_0979.png,E6323
captcha_0980.png,Z3461
captcha_0981.png,DELTE
captcha_0982.png,K3642
captcha_0983.png,H744
captcha_0984.png,P1863
captcha_0985.png,H4011
captcha_0986.png,R9164
captcha_0987.png,J4202
captcha_0988.png,B3944
captcha_0989.png,Q9511
captcha_0990.png,B2105
captcha_0991.png,H181
captcha_0992.png,V9481
captcha_0993.png,T4654
captcha_0994.png,Q81
captcha_0995.png,M39
captcha_0996.png,K8801
captcha_0997.png,N3435
captcha_0998.png,Z4849
captcha_0999.png,A1103
captcha_1000.png,C6064
captcha_1001.png,G1209
captcha_1002.png,H8812
captcha_1003.png,G6753
captcha_1004.png,H7623
captcha_1005.png,R4748
captcha_1006.png,L934
captcha_1007.png,X2240
captcha_1008.png,G420
captcha_1009.png,H6760
captcha_1010.png,U6347
captcha_1011.png,H1633
captcha_1012.png,Z5220
captcha_1013.png,S3276
captcha_1014.png,N6927
captcha_1015.png,X7979
captcha_1016.png,A7244
captcha_1017.png,B379
captcha_1018.png,Q899
captcha_1019.png,F2470
captcha_1020.png,K5839
captcha_1021.png,N1856
captcha_1022.png,L5901
captcha_1023.png,X8994
captcha_1024.png,U3590
captcha_1025.png,G7173
captcha_1026.png,B1732
captcha_1027.png,G6862
captcha_1028.png,K8244
captcha_1029.png,D3030
captcha_1030.png,Q7273
captcha_1031.png,K3251
captcha_1032.png,C7161
captcha_1033.png,C170
captcha_1034.png,Q7847
captcha_1035.png,U1418
captcha_1036.png,L8482
captcha_1037.png,V6660
captcha_1038.png,Q8651
captcha_1039.png,A6483
captcha_1040.png,L1313
captcha_1041.png,H3572
captcha_1042.png,B2274
captcha_1043.png,V8603
captcha_1044.png,S3982
captcha_1045.png,J2771
captcha_1046.png,E2144
captcha_1047.png,D5432
captcha_1048.png,T2914
captcha_1049.png,N9447
captcha_1050.png,T9217
captcha_1051.png,C1936
captcha_1052.png,T4591
captcha_1053.png,X3860
captcha_1054.png,E6204
captcha_1055.png,A5787
captcha_1056.png,M9614
captcha_1057.png,S7826
captcha_1058.png,Q2207
captcha_1059.png,L877
captcha_1060.png,G981
captcha_1061.png,Y753
captcha_1062.png,L9783
captcha_1063.png,Z8342
captcha_1064.png,V5087
captcha_1065.png,E5926
captcha_1066.png,P8442
captcha_1067.png,L6240
captcha_1068.png,X8362
captcha_1069.png,D4516
captcha_1070.png,E2714
captcha_1071.png,Q7082
captcha_1072.png,U8028
captcha_1073.png,B6936
captcha_1074.png,J7052
captcha_1075.png,B8984
captcha_1076.png,U9307
captcha_1077.png,S6051
captcha_1078.png,Y99
captcha_1079.png,K3497
captcha_1080.png,E971
captcha_1081.png,W593
captcha_1082.png,D8792
captcha_1083.png,Q7639
captcha_1084.png,X2373
captcha_1085.png,E9786
captcha_1086.png,F4572
captcha_1087.png,M5953
captcha_1088.png,P7012
captcha_1089.png,U3239
captcha_1090.png,K7298
captcha_1091.png,W5211
captcha_1092.png,S1644
captcha_1093.png,Q5740
captcha_1094.png,E5543
captcha_1095.png,R7874
captcha_1096.png,U838
captcha_1097.png,D8013
captcha_1098.png,C762
captcha_1099.png,N7459
captcha_1100.png,N8874
captcha_1101.png,Z2751
captcha_1102.png,Q5676
captcha_1103.png,C348
captcha_1104.png,F3231
captcha_1105.png,P613
captcha_1106.png,L2419
captcha_1107.png,C7044
captcha_1108.png,U6072
captcha_1109.png,V3866
captcha_1110.png,M3774
captcha_1111.png,S554
captcha_1112.png,N6487
captcha_1113.png,T5456
captcha_1114.png,D2197
captcha_1115.png,G789
captcha_1116.png,X4764
captcha_1117.png,G5200
captcha_1118.png,Y1032
captcha_1119.png,X7875
captcha_1120.png,U1701
captcha_1121.png,P9917
captcha_1122.png,D8425
captcha_1123.png,T9502
captcha_1124.png,H1846
captcha_1125.png,Z2618
captcha_1126.png,C8000
captcha_1127.png,T7357
captcha_1128.png,X574
captcha_1129.png,S9360
captcha_1130.png,Z4707
captcha_1131.png,W4799
captcha_1132.png,P3298
captcha_1133.png,X649
captcha_1134.png,B8828
captcha_1135.png,A7080
captcha_1136.png,M5603
captcha_1137.png,C5590
captcha_1138.png,V7794
captcha_1139.png,J7775
captcha_1140.png,R4882
captcha_1141.png,Z1904
captcha_1142.png,R5816
captcha_1143.png,E8016
captcha_1144.png,L7687
captcha_1145.png,S2288
captcha_1146.png,N777
captcha_1147.png,E9627
captcha_1148.png,H4721
captcha_1149.png,F1723
captcha_1150.png,B6308
captcha_1151.png,G9338
captcha_1152.png,L7157
captcha_1153.png,S854
captcha_1154.png,V4522
captcha_1155.png,C8855
captcha_1156.png,S3818
captcha_1157.png,J7780
captcha_1158.png,V1475
captcha_1159.png,Y8608
captcha_1160.png,B4285
captcha_1161.png,X3138
captcha_1162.png,N3043
captcha_1163.png,R1588
captcha_1164.png,U2818
captcha_1165.png,R4356
captcha_1166.png,T5136
captcha_1167.png,J5061
captcha_1168.png,V7409
captcha_1169.png,Q7084
captcha_1170.png,N6648
captcha_1171.png,W8146
captcha_1172.png,A5081
captcha_1173.png,Z7072
captcha_1174.png,L4894
captcha_1175.png,J9446
captcha_1176.png,D4295
captcha_1177.png,R60
captcha_1178.png,T8752
captcha_1179.png,J7615
captcha_1180.png,P3533
captcha_1181.png,X9557
captcha_1182.png,P2716
captcha_1183.png,L6158
captcha_1184.png,P7214
captcha_1185.png,P9211
captcha_1186.png,P7410
captcha_1187.png,N4720
captcha_1188.png,Q8936
captcha_1189.png,L49
captcha_1190.png,D5581
captcha_1191.png,M3503
captcha_1192.png,S8176
captcha_1193.png,LELT
captcha_1194.png,V2191
captcha_1195.png,Z7404
captcha_1196.png,G4986
captcha_1197.png,X5278
captcha_1198.png,X5376
captcha_1199.png,A2720
captcha_1200.png,G2359
captcha_1201.png,R8605
captcha_1202.png,N6548
captcha_1203.png,H7034
captcha_1204.png,F2536
captcha_1205.png,K3852
captcha_1206.png,Z2902
captcha_1207.png,W1851
captcha_1208.png,U2104
captcha_1209.png,B1581
captcha_1210.png,W7360
captcha_1211.png,X6326
captcha_1212.png,N2546
captcha_1213.png,C2525
captcha_1214.png,W3151
captcha_1215.png,G868
captcha_1216.png,Z5599
captcha_1217.png,G6764
captcha_1218.png,W2346
captcha_1219.png,W952
captcha_1220.png,Y6904
captcha_1221.png,C4181
captcha_1222.png,Q6451
captcha_1223.png,P2207
captcha_1224.png,L7233
captcha_1225.png,F5319
captcha_1226.png,M2390
captcha_1227.png,V7859
captcha_1228.png,Q4831
captcha_1229.png,B9068
captcha_1230.png,V5850
captcha_1231.png,W5529
captcha_1232.png,M6751
captcha_1233.png,S8142
captcha_1234.png,K9861
captcha_1235.png,J1992
captcha_1236.png,V7555
captcha_1237.png,M2595
captcha_1238.png,U3646
captcha_1239.png,Y7948
captcha_1240.png,A5692
captcha_1241.png,V5548
captcha_1242.png,H4972
captcha_1243.png,U62
captcha_1244.png,P6808
captcha_1245.png,J1550
captcha_1246.png,L8245
captcha_1247.png,U6683
captcha_1248.png,W9055
captcha_1249.png,M3954
captcha_1250.png,Q59
captcha_1251.png,B1119
captcha_1252.png,S1749
captcha_1253.png,P855
captcha_1254.png,U124
captcha_1255.png,F7572
captcha_1256.png,Z5402
captcha_1257.png,A3829
captcha_1258.png,K6116
captcha_1259.png,F6123
captcha_1260.png,R4533
captcha_1261.png,Q6999
captcha_1262.png,S1547
captcha_1263.png,V9508
captcha_1264.png,Q2069
captcha_1265.png,Y8609
captcha_1266.png,U9842
captcha_1267.png,B3422
captcha_1268.png,F9502
captcha_1269.png,S957
captcha_1270.png,E1225
captcha_1271.png,M8513
captcha_1272.png,S2077
captcha_1273.png,N2554
captcha_1274.png,Y8762
captcha_1275.png,U4139
captcha_1276.png,S2797
captcha_1277.png,E9078
captcha_1278.png,W4963
captcha_1279.png,R3199
captcha_1280.png,B7404
captcha_1281.png,D5187
captcha_1282.png,J6926
captcha_1283.png,S3839
captcha_1284.png,F1857
captcha_1285.png,G7253
captcha_1286.png,Z9520
captcha_1287.png,D9381
captcha_1288.png,Z731
captcha_1289.png,A9799
captcha_1290.png,H9596
captcha_1291.png,J6863
captcha_1292.png,V5837
captcha_1293.png,K7351
captcha_1294.png,Q5705
captcha_1295.png,P9260
captcha_1296.png,Z100
captcha_1297.png,C2632
captcha_1298.png,M8360
captcha_1299.png,P4496
captcha_1300.png,L9979
captcha_1301.png,D8176
captcha_1302.png,D79
captcha_1303.png,P6113
captcha_1304.png,W8502
captcha_1305.png,N6559
captcha_1306.png,Y4535
captcha_1307.png,C3784
captcha_1308.png,D6543
captcha_1309.png,Z5526
captcha_1310.png,Y7659
captcha_1311.png,E22
captcha_1312.png,L8499
captcha_1313.png,K3965
captcha_1314.png,F6726
captcha_1315.png,Z5920
captcha_1316.png,V1247
captcha_1317.png,L1931
captcha_1318.png,U8315
captcha_1319.png,Y9260
captcha_1320.png,H2403
captcha_1321.png,K2893
captcha_1322.png,N7536
captcha_1323.png,H2316
captcha_1324.png,J7755
captcha_1325.png,Z9973
captcha_1326.png,M6520
captcha_1327.png,A4088
captcha_1328.png,K3350
captcha_1329.png,N5306
captcha_1330.png,Z2037
captcha_1331.png,P3854
captcha_1332.png,F1545
captcha_1333.png,U8833
captcha_1334.png,W4151
captcha_1335.png,Y1423
captcha_1336.png,Y8136
captcha_1337.png,U746
captcha_1338.png,T4900
captcha_1339.png,Y4843
captcha_1340.png,J1704
captcha_1341.png,X505
captcha_1342.png,G1070
captcha_1343.png,R3677
captcha_1344.png,E8053
captcha_1345.png,K377
captcha_1346.png,M3055
captcha_1347.png,G3807
captcha_1348.png,Y515
captcha_1349.png,N2951
captcha_1350.png,J7519
captcha_1351.png,S3429
captcha_1352.png,V3504
captcha_1353.png,N1098
captcha_1354.png,S9407
captcha_1355.png,E6770
captcha_1356.png,Z8052
captcha_1357.png,W2196
captcha_1358.png,C3207
captcha_1359.png,G927
captcha_1360.png,V6255
captcha_1361.png,Y1470
captcha_1362.png,C1520
captcha_1363.png,L5425
captcha_1364.png,V1300
captcha_1365.png,Y9120
captcha_1366.png,A8196
captcha_1367.png,R3415
captcha_1368.png,A3826
captcha_1369.png,Y4640
captcha_1370.png,M8115
captcha_1371.png,Y3928
captcha_1372.png,C7244
captcha_1373.png,K7823
captcha_1374.png,U7628
captcha_1375.png,T1247
captcha_1376.png,R6025
captcha_1377.png,W8190
captcha_1378.png,N7340
captcha_1379.png,N9339
captcha_1380.png,E8119
captcha_1381.png,N5320
captcha_1382.png,VV902
captcha_1383.png,L2100
captcha_1384.png,B3557
captcha_1385.png,F8018
captcha_1386.png,K9063
captcha_1387.png,F5877
captcha_1388.png,S9301
captcha_1389.png,H384
captcha_1390.png,J9235
captcha_1391.png,G5307
captcha_1392.png,X546
captcha_1393.png,T6065
captcha_1394.png,G4833
captcha_1395.png,U325
captcha_1396.png,T6069
captcha_1397.png,Q6591
captcha_1398.png,T1121
captcha_1399.png,S8754
captcha_1400.png,S7327
captcha_1401.png,H2770
captcha_1402.png,M7904
captcha_1403.png,S2887
captcha_1404.png,Y949
captcha_1405.png,R6311
captcha_1406.png,N8227
captcha_1407.png,R5098
captcha_1408.png,V465
captcha_1409.png,V2674
captcha_1410.png,Y3951
captcha_1411.png,P2549
captcha_1412.png,B3282
captcha_1413.png,T3416
captcha_1414.png,E3754
captcha_1415.png,S2901
captcha_1416.png,N4414
captcha_1417.png,M9902
captcha_1418.png,B5745
captcha_1419.png,S447
captcha_1420.png,X841
captcha_1421.png,P1315
captcha_1422.png,A2965
captcha_1423.png,D9792
captcha_1424.png,L376
captcha_1425.png,H1408
captcha_1426.png,Q3816
captcha_1427.png,F3628
captcha_1428.png,Z8717
captcha_1429.png,Q80
captcha_1430.png,U6331
captcha_1431.png,Z8136
captcha_1432.png,N5208
captcha_1433.png,W9734
captcha_1434.png,L2108
captcha_1435.png,X3230
captcha_1436.png,H9538
captcha_1437.png,H1398
captcha_1438.png,N3072
captcha_1439.png,F1666
captcha_1440.png,A4986
captcha_1441.png,B2477
captcha_1442.png,T3680
captcha_1443.png,A4714
captcha_1444.png,E4993
captcha_1445.png,Q2724
captcha_1446.png,K8954
captcha_1447.png,D9462
captcha_1448.png,B2411
captcha_1449.png,F5993
captcha_1450.png,F3964
captcha_1451.png,M6190
captcha_1452.png,B4532
captcha_1453.png,B5390
captcha_1454.png,E758
captcha_1455.png,L5079
captcha_1456.png,Z2657
captcha_1457.png,U4228
captcha_1458.png,U6148
captcha_1459.png,R913
captcha_1460.png,E5233
captcha_1461.png,S219
captcha_1462.png,Y5122
captcha_1463.png,C7896
captcha_1464.png,T8927
captcha_1465.png,Q7616
captcha_1466.png,K5790
captcha_1467.png,Z5162
captcha_1468.png,L444
captcha_1469.png,B1128
captcha_1470.png,P6338
captcha_1471.png,T8575
captcha_1472.png,G7747
captcha_1473.png,E2959
captcha_1474.png,B3128
captcha_1475.png,A2126
captcha_1476.png,P703
captcha_1477.png,V9748
captcha_1478.png,Y41
captcha_1479.png,B5154
captcha_1480.png,K5734
captcha_1481.png,V8813
captcha_1482.png,W634
captcha_1483.png,K7459
captcha_1484.png,E4350
captcha_1485.png,C7785
captcha_1486.png,M5482
captcha_1487.png,Y8266
captcha_1488.png,L1076
captcha_1489.png,L3490
captcha_1490.png,Y887
captcha_1491.png,R2197
captcha_1492.png,F3550
captcha_1493.png,G601
captcha_1494.png,K503
captcha_1495.png,N3715
captcha_1496.png,G9664
captcha_1497.png,B4988
captcha_1498.png,U1495
captcha_1499.png,K4812
captcha_1500.png,M2526
captcha_1501.png,L4010
captcha_1502.png,S1118
captcha_1503.png,N930
captcha_1504.png,Y1164
captcha_1505.png,A6124
captcha_1506.png,D6931
captcha_1507.png,J4823
captcha_1508.png,G1185
captcha_1509.png,U9747
captcha_1510.png,A9750
captcha_1511.png,V581
captcha_1512.png,Z235
captcha_1513.png,T6968
captcha_1514.png,V223
captcha_1515.png,P8126
captcha_1516.png,E6886
captcha_1517.png,K6202
captcha_1518.png,U8806
captcha_1519.png,E4228
captcha_1520.png,G2177
captcha_1521.png,J4353
captcha_1522.png,S6550
captcha_1523.png,U5673
captcha_1524.png,G8153
captcha_1525.png,R396
captcha_1526.png,X176
captcha_1527.png,Q3116
captcha_1528.png,H4312
captcha_1529.png,G2456
captcha_1530.png,X4894
captcha_1531.png,U3007
captcha_1532.png,M8217
captcha_1533.png,L9534
captcha_1534.png,J8042
captcha_1535.png,C8074
captcha_1536.png,G3689
captcha_1537.png,W1660
captcha_1538.png,S5299
captcha_1539.png,R502
captcha_1540.png,M3060
captcha_1541.png,P5163
captcha_1542.png,K3723
captcha_1543.png,V6402
captcha_1544.png,Z2107
captcha_1545.png,Y6186
captcha_1546.png,X4295
captcha_1547.png,N7935
captcha_1548.png,X4018
captcha_1549.png,B4202
captcha_1550.png,D7308
captcha_1551.png,U5862
captcha_1552.png,R7672
captcha_1553.png,R5490
captcha_1554.png,V1214
captcha_1555.png,R8421
captcha_1556.png,N6395
captcha_1557.png,U8506
captcha_1558.png,H5076
captcha_1559.png,C4499
captcha_1560.png,L1091
captcha_1561.png,D756
captcha_1562.png,H4623
captcha_1563.png,U8708
captcha_1564.png,P6503
captcha_1565.png,N1221
captcha_1566.png,X4176
captcha_1567.png,W4488
captcha_1568.png,Y2069
captcha_1569.png,K5095
captcha_1570.png,P9726
captcha_1571.png,B2131
captcha_1572.png,U8453
captcha_1573.png,R8126
captcha_1574.png,T4738
captcha_1575.png,M6464
captcha_1576.png,V2443
captcha_1577.png,X4051
captcha_1578.png,C526
captcha_1579.png,W7008
captcha_1580.png,A8169
captcha_1581.png,U125
captcha_1582.png,Y1076
captcha_1583.png,Q2544
captcha_1584.png,N7208
captcha_1585.png,X7856
captcha_1586.png,N5385
captcha_1587.png,P5141
captcha_1588.png,B8314
captcha_1589.png,U3011
captcha_1590.png,L3958
captcha_1591.png,G9086
captcha_1592.png,J4892
captcha_1593.png,X7250
captcha_1594.png,A8335
captcha_1595.png,Z9956
captcha_1596.png,A5
captcha_1597.png,U2392
captcha_1598.png,P3087
captcha_1599.png,V5556
captcha_1600.png,P9284
captcha_1601.png,J4412
captcha_1602.png,Z6240
captcha_1603.png,X9729
captcha_1604.png,R1257
captcha_1605.png,W4917
captcha_1606.png,VV970
captcha_1607.png,D8238
captcha_1608.png,E5740
captcha_1609.png,R4217
captcha_1610.png,P8963
captcha_1611.png,F7578
captcha_1612.png,L3982
captcha_1613.png,H7653
captcha_1614.png,E2041
captcha_1615.png,V9195
captcha_1616.png,Q1503
captcha_1617.png,E7426
captcha_1618.png,R2499
captcha_1619.png,Y5892
captcha_1620.png,U9332
captcha_1621.png,H7270
captcha_1622.png,Y357
captcha_1623.png,P1234
captcha_1624.png,G7811
captcha_1625.png,L3404
captcha_1626.png,R7439
captcha_1627.png,Z3358
captcha_1628.png,R4671
captcha_1629.png,F2775
captcha_1630.png,P4066
captcha_1631.png,S1761
captcha_1632.png,G5753
captcha_1633.png,F8848
captcha_1634.png,J4017
captcha_1635.png,M9342
captcha_1636.png,P2342
captcha_1637.png,D5920
captcha_1638.png,W7382
captcha_1639.png,X2278
captcha_1640.png,J3883
captcha_1641.png,H5240
captcha_1642.png,L8950
captcha_1643.png,P7138
captcha_1644.png,H8609
captcha_1645.png,X133
captcha_1646.png,L1820
captcha_1647.png,N8076
captcha_1648.png,H7496
captcha_1649.png,A2726
captcha_1650.png,Q2130
captcha_1651.png,Z6877
captcha_1652.png,F8863
captcha_1653.png,W1895
captcha_1654.png,J944
captcha_1655.png,V5204
captcha_1656.png,V1938
captcha_1657.png,A616
captcha_1658.png,G3631
captcha_1659.png,C1449
captcha_1660.png,B7752
captcha_1661.png,Y1028
captcha_1662.png,C5404
captcha_1663.png,F4286
captcha_1664.png,X4834
captcha_1665.png,R7194
captcha_1666.png,F4070
captcha_1667.png,D1225
captcha_1668.png,W8830
captcha_1669.png,N7495
captcha_1670.png,H3242
captcha_1671.png,K4619
captcha_1672.png,N4042
captcha_1673.png,L3819
captcha_1674.png,A5930
captcha_1675.png,L5516
captcha_1676.png,N7016
captcha_1677.png,E3505
captcha_1678.png,R5253
captcha_1679.png,U2566
captcha_1680.png,P9066
captcha_1681.png,Q4469
captcha_1682.png,K5146
captcha_1683.png,H876
captcha_1684.png,L2673
captcha_1685.png,U6789
captcha_1686.png,Q9504
captcha_1687.png,Z2925
captcha_1688.png,J5257
captcha_1689.png,E6020
captcha_1690.png,C5061
captcha_1691.png,J4642
captcha_1692.png,V5792
captcha_1693.png,Y1974
captcha_1694.png,X5684
captcha_1695.png,U8057
captcha_1696.png,V896
captcha_1697.png,U8243
captcha_1698.png,B6963
captcha_1699.png,Y5477
captcha_1700.png,R5604
captcha_1701.png,A4200
captcha_1702.png,P5210
captcha_1703.png,R7991
captcha_1704.png,Q7237
captcha_1705.png,K893
captcha_1706.png,K6706
captcha_1707.png,L38
captcha_1708.png,V7842
captcha_1709.png,T717
captcha_1710.png,K889
captcha_1711.png,F2150
captcha_1712.png,K1871
captcha_1713.png,S5672
captcha_1714.png,M6059
captcha_1715.png,M926
captcha_1716.png,W572
captcha_1717.png,D8301
captcha_1718.png,T9832
captcha_1719.png,L6690
captcha_1720.png,D5654
captcha_1721.png,Q3004
captcha_1722.png,C5914
captcha_1723.png,A6485
captcha_1724.png,L7711
captcha_1725.png,U5160
captcha_1726.png,A576
captcha_1727.png,G3284
captcha_1728.png,Y71
captcha_1729.png,C6950
captcha_1730.png,X9572
captcha_1731.png,S3482
captcha_1732.png,J9544
captcha_1733.png,J6038
captcha_1734.png,E6586
captcha_1735.png,E1224
captcha_1736.png,T2806
captcha_1737.png,D2944
captcha_1738.png,Q8432
captcha_1739.png,A5569
captcha_1740.png,X2346
captcha_1741.png,S3943
captcha_1742.png,C7288
captcha_1743.png,X5411
captcha_1744.png,K562
captcha_1745.png,H3937
captcha_1746.png,L732
captcha_1747.png,Z9929
captcha_1748.png,T7755
captcha_1749.png,T6104
captcha_1750.png,N7954
captcha_1751.png,J8398
captcha_1752.png,L7459
captcha_1753.png,E5642
captcha_1754.png,E9194
captcha_1755.png,Y8993
captcha_1756.png,C5229
captcha_1757.png,L3537
captcha_1758.png,F1173
captcha_1759.png,X7844
captcha_1760.png,A4407
captcha_1761.png,H5114
captcha_1762.png,M9153
captcha_1763.png,K181
captcha_1764.png,D4783
captcha_1765.png,V5116
captcha_1766.png,U5703
captcha_1767.png,B3676
captcha_1768.png,U2102
captcha_1769.png,X7019
captcha_1770.png,B3491
captcha_1771.png,A7413
captcha_1772.png,E3140
captcha_1773.png,R7762
captcha_1774.png,U5540
captcha_1775.png,X491
captcha_1776.png,S8584
captcha_1777.png,X3985
captcha_1778.png,Q5760
captcha_1779.png,L4287
captcha_1780.png,A783
captcha_1781.png,Z234
captcha_1782.png,M5176
captcha_1783.png,C5363
captcha_1784.png,V6677
captcha_1785.png,E4745
captcha_1786.png,R9336
captcha_1787.png,G5496
captcha_1788.png,C6989
captcha_1789.png,P8753
captcha_1790.png,Z6587
captcha_1791.png,R5070
captcha_1792.png,S5059
captcha_1793.png,L7425
captcha_1794.png,L3253
captcha_1795.png,W5149
captcha_1796.png,T1388
captcha_1797.png,W9844
captcha_1798.png,H2574
captcha_1799.png,Y1884
captcha_1800.png,W7761
captcha_1801.png,L9342
captcha_1802.png,R1955
captcha_1803.png,V8732
captcha_1804.png,W8826
captcha_1805.png,M8189
captcha_1806.png,W7016
captcha_1807.png,F4159
captcha_1808.png,C3137
captcha_1809.png,U4794
captcha_1810.png,N7014
captcha_1811.png,M7235
captcha_1812.png,V4051
captcha_1813.png,E96
captcha_1814.png,Q7438
captcha_1815.png,F5827
captcha_1816.png,U1035
captcha_1817.png,U2734
captcha_1818.png,B8188
captcha_1819.png,T1205
captcha_1820.png,V5982
captcha_1821.png,F9953
captcha_1822.png,F972
captcha_1823.png,V2672
captcha_1824.png,Y6410
captcha_1825.png,Z4228
captcha_1826.png,M1447
captcha_1827.png,K4601
captcha_1828.png,C6328
captcha_1829.png,K2654
captcha_1830.png,W23
captcha_1831.png,M6123
captcha_1832.png,L5965
captcha_1833.png,Y7331
captcha_1834.png,K203
captcha_1835.png,Q633
captcha_1836.png,C3580
captcha_1837.png,B127
captcha_1838.png,K4901
captcha_1839.png,P6111
captcha_1840.png,R4490
captcha_1841.png,R9233
captcha_1842.png,Q596
captcha_1843.png,L354
captcha_1844.png,M2981
captcha_1845.png,D3072
captcha_1846.png,F4915
captcha_1847.png,H5473
captcha_1848.png,Z7098
captcha_1849.png,E509
captcha_1850.png,F4730
captcha_1851.png,B8101
captcha_1852.png,J6463
captcha_1853.png,A812
captcha_1854.png,D3261
captcha_1855.png,G1340
captcha_1856.png,Y5384
captcha_1857.png,W8228
captcha_1858.png,C1936
captcha_1859.png,J9127
captcha_1860.png,D3304
captcha_1861.png,K6253
captcha_1862.png,H7458
captcha_1863.png,K5596
captcha_1864.png,Y5414
captcha_1865.png,F8798
captcha_1866.png,A2130
captcha_1867.png,S8398
captcha_1868.png,Y2306
captcha_1869.png,L1544
captcha_1870.png,G7011
captcha_1871.png,Q4736
captcha_1872.png,B8948
captcha_1873.png,M5193
captcha_1874.png,F4425
captcha_1875.png,X7867
captcha_1876.png,U1445
captcha_1877.png,L1318
captcha_1878.png,R4412
captcha_1879.png,C2784
captcha_1880.png,N5978
captcha_1881.png,K5400
captcha_1882.png,P3018
captcha_1883.png,B1320
captcha_1884.png,R3029
captcha_1885.png,F2363
captcha_1886.png,U49
captcha_1887.png,Z1960
captcha_1888.png,W7437
captcha_1889.png,M4650
captcha_1890.png,REYAE
captcha_1891.png,B4734
captcha_1892.png,W4779
captcha_1893.png,Y1823
captcha_1894.png,G9009
captcha_1895.png,M2590
captcha_1896.png,T3282
captcha_1897.png,R9006
captcha_1898.png,S8153
captcha_1899.png,K9764
captcha_1900.png,L995
captcha_1901.png,H4119
captcha_1902.png,Z5959
captcha_1903.png,U3597
captcha_1904.png,J9990
captcha_1905.png,S4077
captcha_1906.png,Z9360
captcha_1907.png,Y441
captcha_1908.png,T1784
captcha_1909.png,H6407
captcha_1910.png,E692
captcha_1911.png,U9169
captcha_1912.png,Q5484
captcha_1913.png,Z452
captcha_1914.png,C2150
captcha_1915.png,N3614
captcha_1916.png,A1941
captcha_1917.png,E1904
captcha_1918.png,M6757
captcha_1919.png,C2
captcha_1920.png,V9709
captcha_1921.png,T5189
captcha_1922.png,T7426
captcha_1923.png,V2983
captcha_1924.png,G7655
captcha_1925.png,Q3023
captcha_1926.png,H4561
captcha_1927.png,T2134
captcha_1928.png,B1735
captcha_1929.png,K3590
captcha_1930.png,J9249
captcha_1931.png,X3696
captcha_1932.png,D9273
captcha_1933.png,C8731
captcha_1934.png,L4956
captcha_1935.png,T5604
captcha_1936.png,W9066
captcha_1937.png,E7192
captcha_1938.png,Z4044
captcha_1939.png,K776
captcha_1940.png,K9755
captcha_1941.png,D3325
captcha_1942.png,R2798
captcha_1943.png,E7224
captcha_1944.png,B4200
captcha_1945.png,L1409
captcha_1946.png,C5880
captcha_1947.png,C6494
captcha_1948.png,N9422
captcha_1949.png,U4530
captcha_1950.png,P57
captcha_1951.png,F9079
captcha_1952.png,S102
captcha_1953.png,K841
captcha_1954.png,C7467
captcha_1955.png,E6555
captcha_1956.png,S8566
captcha_1957.png,G8917
captcha_1958.png,E713
captcha_1959.png,Y5431
captcha_1960.png,J5776
captcha_1961.png,A7950
captcha_1962.png,J5578
captcha_1963.png,J6916
captcha_1964.png,X5867
captcha_1965.png,H7538
captcha_1966.png,C2385
captcha_1967.png,X217
captcha_1968.png,D1496
captcha_1969.png,D5951
captcha_1970.png,V3598
captcha_1971.png,Z4271
captcha_1972.png,C8445
captcha_1973.png,Y2933
captcha_1974.png,S3609
captcha_1975.png,C4389
captcha_1976.png,F5742
captcha_1977.png,G3326
captcha_1978.png,H6404
captcha_1979.png,M5689
captcha_1980.png,R1850
captcha_1981.png,Y1116
captcha_1982.png,E8226
captcha_1983.png,K4865
captcha_1984.png,Q8462
captcha_1985.png,J5252
captcha_1986.png,X5435
captcha_1987.png,S836
captcha_1988.png,R4704
captcha_1989.png,J831
captcha_1990.png,X9333
captcha_1991.png,Y7682
captcha_1992.png,T398
captcha_1993.png,T2886
captcha_1994.png,B9461
captcha_1995.png,W4210
captcha_1996.png,L5790
captcha_1997.png,U9705
captcha_1998.png,P3684
captcha_1999.png,S9057
captcha_2000.png,F3760
captcha_2001.png,D1546
captcha_2002.png,Q585
captcha_2003.png,Y9608
captcha_2004.png,Y9716
captcha_2005.png,Y6208
captcha_2006.png,H1318
captcha_2007.png,L437
captcha_2008.png,G7280
captcha_2009.png,N9088
captcha_2010.png,R9862
captcha_2011.png,Q6485
captcha_2012.png,P3370
captcha_2013.png,Y2047
captcha_2014.png,H6087
captcha_2015.png,J5996
captcha_2016.png,S7757
captcha_2017.png,K905
captcha_2018.png,R2171
captcha_2019.png,F8165
captcha_2020.png,D4134
captcha_2021.png,D8382
captcha_2022.png,JEREY
captcha_2023.png,D7036
captcha_2024.png,X672
captcha_2025.png,N7823
captcha_2026.png,U6490
captcha_2027.png,K6263
captcha_2028.png,G8134
captcha_2029.png,D3220
captcha_2030.png,G4380
captcha_2031.png,U8978
captcha_2032.png,G2712
captcha_2033.png,Y2716
captcha_2034.png,G3912
captcha_2035.png,H3294
captcha_2036.png,G8898
captcha_2037.png,Y6018
captcha_2038.png,Z7922
captcha_2039.png,R6667
captcha_2040.png,U4990
captcha_2041.png,R981
captcha_2042.png,X8863
captcha_2043.png,Y1796
captcha_2044.png,G85
captcha_2045.png,K971
captcha_2046.png,W3100
captcha_2047.png,X2523
captcha_2048.png,F6801
captcha_2049.png,B2604
captcha_2050.png,U1579
captcha_2051.png,C788
captcha_2052.png,F8387
captcha_2053.png,R2902
captcha_2054.png,T4628
captcha_2055.png,M2344
captcha_2056.png,V6006
captcha_2057.png,G2300
captcha_2058.png,R2873
captcha_2059.png,K5273
captcha_2060.png,R2227
captcha_2061.png,K8541
captcha_2062.png,W4309
captcha_2063.png,J5246
captcha_2064.png,T6347
captcha_2065.png,W232
captcha_2066.png,U7821
captcha_2067.png,H8661
captcha_2068.png,C7913
captcha_2069.png,W1270
captcha_2070.png,F5299
captcha_2071.png,E8316
captcha_2072.png,A2756
captcha_2073.png,S8200
captcha_2074.png,U9896
captcha_2075.png,X3484
captcha_2076.png,C9025
captcha_2077.png,Q8376
captcha_2078.png,X7419
captcha_2079.png,U2903
captcha_2080.png,V7080
captcha_2081.png,Y261
captcha_2082.png,R4890
captcha_2083.png,E3126
captcha_2084.png,Z8569
captcha_2085.png,V977
captcha_2086.png,S5604
captcha_2087.png,M3513
captcha_2088.png,T1279
captcha_2089.png,H2040
captcha_2090.png,S2114
captcha_2091.png,U2728
captcha_2092.png,C3027
captcha_2093.png,A3169
captcha_2094.png,K5719
captcha_2095.png,A7651
captcha_2096.png,E589
captcha_2097.png,G7366
captcha_2098.png,E547
captcha_2099.png,V6599
captcha_2100.png,N1271
captcha_2101.png,U7681
captcha_2102.png,R3354
captcha_2103.png,H7773
captcha_2104.png,S6372
captcha_2105.png,X8433
captcha_2106.png,H139
captcha_2107.png,E2702
captcha_2108.png,L2243
captcha_2109.png,L4633
captcha_2110.png,F4474
captcha_2111.png,H7673
captcha_2112.png,X857
captcha_2113.png,H3202
captcha_2114.png,A2014
captcha_2115.png,P253
captcha_2116.png,K338
captcha_2117.png,X5650
captcha_2118.png,EYEPE
captcha_2119.png,R8517
captcha_2120.png,B3403
captcha_2121.png,P9505
captcha_2122.png,X5098
captcha_2123.png,G7837
captcha_2124.png,X8317
captcha_2125.png,Z4978
captcha_2126.png,B7648
captcha_2127.png,A3740
captcha_2128.png,H2603
captcha_2129.png,K4089
captcha_2130.png,Y4537
captcha_2131.png,R4508
captcha_2132.png,R1816
captcha_2133.png,X8251
captcha_2134.png,D5291
captcha_2135.png,D1031
captcha_2136.png,B2669
captcha_2137.png,J1876
captcha_2138.png,F4510
captcha_2139.png,N4138
captcha_2140.png,M1579
captcha_2141.png,D866
captcha_2142.png,P2064
captcha_2143.png,R8777
captcha_2144.png,R4944
captcha_2145.png,X1256
captcha_2146.png,G4460
captcha_2147.png,J7223
captcha_2148.png,F6279
captcha_2149.png,R861
captcha_2150.png,P3815
captcha_2151.png,W4397
captcha_2152.png,G8394
captcha_2153.png,M2966
captcha_2154.png,V7861
captcha_2155.png,P6724
captcha_2156.png,V7804
captcha_2157.png,M6401
captcha_2158.png,S4404
captcha_2159.png,Z8178
captcha_2160.png,Q1589
captcha_2161.png,P2337
captcha_2162.png,S1716
captcha_2163.png,V7359
captcha_2164.png,Z6657
captcha_2165.png,M4948
captcha_2166.png,W9437
captcha_2167.png,N6520
captcha_2168.png,G9220
captcha_2169.png,U5903
captcha_2170.png,L1965
captcha_2171.png,W2551
captcha_2172.png,R7725
captcha_2173.png,U1807
captcha_2174.png,Z9104
captcha_2175.png,C641
captcha_2176.png,R8902
captcha_2177.png,F4892
captcha_2178.png,Z8168
captcha_2179.png,Q7321
captcha_2180.png,R3048
captcha_2181.png,S3151
captcha_2182.png,J7462
captcha_2183.png,V9254
captcha_2184.png,Y1085
captcha_2185.png,K8392
captcha_2186.png,F671
captcha_2187.png,E5411
captcha_2188.png,Y2086
captcha_2189.png,P5653
captcha_2190.png,K2215
captcha_2191.png,C3391
captcha_2192.png,D1937
captcha_2193.png,U8304
captcha_2194.png,T3087
captcha_2195.png,G6504
captcha_2196.png,T7963
captcha_2197.png,W8110
captcha_2198.png,W6709
captcha_2199.png,P8065
captcha_2200.png,K1722
captcha_2201.png,F1109
captcha_2202.png,H5233
captcha_2203.png,C1794
captcha_2204.png,X3094
captcha_2205.png,R9594
captcha_2206.png,H8302
captcha_2207.png,M8643
captcha_2208.png,A2911
captcha_2209.png,X2865
captcha_2210.png,X2606
captcha_2211.png,S5499
captcha_2212.png,U9825
captcha_2213.png,D5548
captcha_2214.png,N442
captcha_2215.png,Y4167
captcha_2216.png,M5202
captcha_2217.png,S5101
captcha_2218.png,N3419
captcha_2219.png,X725
captcha_2220.png,W6757
captcha_2221.png,J8260
captcha_2222.png,H6123
captcha_2223.png,E7758
captcha_2224.png,H2249
captcha_2225.png,L4747
captcha_2226.png,K6961
captcha_2227.png,H3277
captcha_2228.png,L5188
captcha_2229.png,W7267
captcha_2230.png,D8661
captcha_2231.png,F7909
captcha_2232.png,Y3268
captcha_2233.png,Z4737
captcha_2234.png,F4122
captcha_2235.png,B8932
captcha_2236.png,M9458
captcha_2237.png,K9676
captcha_2238.png,A4180
captcha_2239.png,W9154
captcha_2240.png,B5440
captcha_2241.png,A6436
captcha_2242.png,U7368
captcha_2243.png,A8011
captcha_2244.png,T1994
captcha_2245.png,H4716
captcha_2246.png,B7449
captcha_2247.png,N6449
captcha_2248.png,A323
captcha_2249.png,L7455
captcha_2250.png,L8201
captcha_2251.png,G8232
captcha_2252.png,L856
captcha_2253.png,F974
captcha_2254.png,A8454
captcha_2255.png,C4966
captcha_2256.png,H4097
captcha_2257.png,F6321
captcha_2258.png,Y6656
captcha_2259.png,G3051
captcha_2260.png,T1459
captcha_2261.png,V5468
captcha_2262.png,M2690
captcha_2263.png,C991
captcha_2264.png,F6249
captcha_2265.png,E4283
captcha_2266.png,A97
captcha_2267.png,V1506
captcha_2268.png,G4174
captcha_2269.png,C7656
captcha_2270.png,P4073
captcha_2271.png,B8729
captcha_2272.png,J7601
captcha_2273.png,K3281
captcha_2274.png,W7235
captcha_2275.png,K8768
captcha_2276.png,C5125
captcha_2277.png,E509
captcha_2278.png,M177
captcha_2279.png,G5566
captcha_2280.png,W9024
captcha_2281.png,Q994
captcha_2282.png,L4393
captcha_2283.png,C242
captcha_2284.png,A3632
captcha_2285.png,F9410
captcha_2286.png,L8603
captcha_2287.png,J9224
captcha_2288.png,K1807
captcha_2289.png,R9150
captcha_2290.png,D2002
captcha_2291.png,Z6873
captcha_2292.png,J2639
captcha_2293.png,E8269
captcha_2294.png,L4373
captcha_2295.png,L4185
captcha_2296.png,D9718
captcha_2297.png,M5799
captcha_2298.png,V73
captcha_2299.png,H6915
captcha_2300.png,A1691
captcha_2301.png,J9667
captcha_2302.png,J2282
captcha_2303.png,Q5273
captcha_2304.png,L4627
captcha_2305.png,T4634
captcha_2306.png,T8182
captcha_2307.png,B5814
captcha_2308.png,G6616
captcha_2309.png,S3848
captcha_2310.png,B6643
captcha_2311.png,C3165
captcha_2312.png,H1793
captcha_2313.png,J8521
captcha_2314.png,M5431
captcha_2315.png,L3042
captcha_2316.png,V1177
captcha_2317.png,T5472
captcha_2318.png,L6357
captcha_2319.png,G2063
captcha_2320.png,C7020
captcha_2321.png,G2554
captcha_2322.png,J2556
captcha_2323.png,E8047
captcha_2324.png,A8650
captcha_2325.png,E6803
captcha_2326.png,K580
captcha_2327.png,S7582
captcha_2328.png,G2064
captcha_2329.png,T8767
captcha_2330.png,Z7974
captcha_2331.png,X8175
captcha_2332.png,H9035
captcha_2333.png,W3348
captcha_2334.png,Y3859
captcha_2335.png,M3852
captcha_2336.png,E8494
captcha_2337.png,C2278
captcha_2338.png,D6324
captcha_2339.png,B8811
captcha_2340.png,Y8489
captcha_2341.png,H5441
captcha_2342.png,A485
captcha_2343.png,U426
captcha_2344.png,A4115
captcha_2345.png,E3036
captcha_2346.png,L2923
captcha_2347.png,R2912
captcha_2348.png,C3116
captcha_2349.png,N1510
captcha_2350.png,L2574
captcha_2351.png,V6963
captcha_2352.png,P6026
captcha_2353.png,Z3664
captcha_2354.png,E9683
captcha_2355.png,E5494
captcha_2356.png,F730
captcha_2357.png,L4357
captcha_2358.png,F7715
captcha_2359.png,LTT
captcha_2360.png,F1557
captcha_2361.png,D5297
captcha_2362.png,A949
captcha_2363.png,E2884
captcha_2364.png,P2498
captcha_2365.png,T9243
captcha_2366.png,T6140
captcha_2367.png,H8908
captcha_2368.png,L9565
captcha_2369.png,Z6011
captcha_2370.png,D7183
captcha_2371.png,W3100
captcha_2372.png,F167
captcha_2373.png,V211
captcha_2374.png,L6995
captcha_2375.png,Z9700
captcha_2376.png,M378
captcha_2377.png,R3916
captcha_2378.png,W5410
captcha_2379.png,G1928
captcha_2380.png,X4108
captcha_2381.png,D733
captcha_2382.png,P4753
captcha_2383.png,N8124
captcha_2384.png,U7952
captcha_2385.png,P6453
captcha_2386.png,N8723
captcha_2387.png,A7894
captcha_2388.png,Q3085
captcha_2389.png,L1514
captcha_2390.png,B4560
captcha_2391.png,F9086
captcha_2392.png,L7115
captcha_2393.png,K6799
captcha_2394.png,B300
captcha_2395.png,X3241
captcha_2396.png,S7179
captcha_2397.png,X2079
captcha_2398.png,B9359
captcha_2399.png,Y6908
captcha_2400.png,T8195
captcha_2401.png,P2685
captcha_2402.png,P70
captcha_2403.png,E1044
captcha_2404.png,X6053
captcha_2405.png,W458
captcha_2406.png,H4305
captcha_2407.png,L3790
captcha_2408.png,G9625
captcha_2409.png,W113
captcha_2410.png,Y4987
captcha_2411.png,K5110
captcha_2412.png,L8852
captcha_2413.png,D8977
captcha_2414.png,X6690
captcha_2415.png,L3460
captcha_2416.png,H4438
captcha_2417.png,A8913
captcha_2418.png,Q1192
captcha_2419.png,N9805
captcha_2420.png,T386
captcha_2421.png,N899
captcha_2422.png,S251
captcha_2423.png,U4506
captcha_2424.png,V4735
captcha_2425.png,U9514
captcha_2426.png,F5881
captcha_2427.png,B1370
captcha_2428.png,J5776
captcha_2429.png,J6033
captcha_2430.png,S3518
captcha_2431.png,K1296
captcha_2432.png,S2266
captcha_2433.png,W6025
captcha_2434.png,D1941
captcha_2435.png,X7504
captcha_2436.png,G3246
captcha_2437.png,A1580
captcha_2438.png,U2662
captcha_2439.png,Z9351
captcha_2440.png,Y8826
captcha_2441.png,U6574
captcha_2442.png,S1535
captcha_2443.png,C8978
captcha_2444.png,Z2414
captcha_2445.png,P3835
captcha_2446.png,F3584
captcha_2447.png,P8025
captcha_2448.png,U8192
captcha_2449.png,H7666
captcha_2450.png,T6201
captcha_2451.png,Y8306
captcha_2452.png,T5097
captcha_2453.png,D6461
captcha_2454.png,H9009
captcha_2455.png,Y8595
captcha_2456.png,J9901
captcha_2457.png,K7890
captcha_2458.png,P932
captcha_2459.png,L9505
captcha_2460.png,U7649
captcha_2461.png,H3491
captcha_2462.png,H6305
captcha_2463.png,K41
captcha_2464.png,R7149
captcha_2465.png,W426
captcha_2466.png,B2252
captcha_2467.png,P368
captcha_2468.png,Q2973
captcha_2469.png,W5602
captcha_2470.png,W8915
captcha_2471.png,M6856
captcha_2472.png,G3043
captcha_2473.png,Q1419
captcha_2474.png,J2685
captcha_2475.png,X7450
captcha_2476.png,M2703
captcha_2477.png,F65
captcha_2478.png,E647
captcha_2479.png,W1973
captcha_2480.png,J3786
captcha_2481.png,L6465
captcha_2482.png,J6470
captcha_2483.png,N2586
captcha_2484.png,B600
captcha_2485.png,T9846
captcha_2486.png,C5625
captcha_2487.png,N5371
captcha_2488.png,K8540
captcha_2489.png,F3916
captcha_2490.png,B3305
captcha_2491.png,D6549
captcha_2492.png,B4218
captcha_2493.png,V9341
captcha_2494.png,E8278
captcha_2495.png,M8185
captcha_2496.png,L4339
captcha_2497.png,H3290
captcha_2498.png,F7474
captcha_2499.png,J7943
captcha_2500.png,K7887